date,campaign_phase,channel,spend,impressions,clicks,sessions,orders,attributed_revenue,new_customers,existing_customers
2026-03-01,Pre-campaign,Email,102.26,9500,380,350,23,3296.6,3,20
2026-03-01,Pre-campaign,SMS,79.18,100,12,12,1,36.08,0,1
2026-03-01,Pre-campaign,Paid Social,683.49,101750,1221,1001,12,1557.78,10,2
2026-03-01,Pre-campaign,Paid Search,511.92,7105,270,254,13,1974.58,5,8
2026-03-01,Pre-campaign,Affiliate,171.16,10000,180,158,5,723.16,1,4
2026-03-01,Pre-campaign,Organic,0.0,10400,520,494,15,1751.19,4,11
2026-03-01,Pre-campaign,Direct,0.0,0,0,337,13,1516.6,0,13
2026-03-02,Pre-campaign,Email,113.53,4675,187,172,10,1697.89,0,10
2026-03-02,Pre-campaign,SMS,82.98,317,38,36,3,299.77,1,2
2026-03-02,Pre-campaign,Paid Social,634.24,125583,1507,1236,16,1823.66,11,5
2026-03-02,Pre-campaign,Paid Search,585.13,7763,295,277,12,1947.92,4,8
2026-03-02,Pre-campaign,Affiliate,304.91,17333,312,275,9,1321.24,2,7
2026-03-02,Pre-campaign,Organic,0.0,5300,265,252,8,998.94,2,6
2026-03-02,Pre-campaign,Direct,0.0,0,0,578,26,3442.36,1,25
2026-03-03,Pre-campaign,Email,104.65,11675,467,430,24,3764.11,3,21
2026-03-03,Pre-campaign,SMS,73.92,283,34,33,3,568.97,0,3
2026-03-03,Pre-campaign,Paid Social,593.62,33000,396,325,5,574.45,5,0
2026-03-03,Pre-campaign,Paid Search,574.67,9816,373,351,16,2953.13,5,11
2026-03-03,Pre-campaign,Affiliate,149.43,7444,134,118,4,648.15,2,2
2026-03-03,Pre-campaign,Organic,0.0,11560,578,549,17,2411.62,1,16
2026-03-03,Pre-campaign,Direct,0.0,0,0,530,22,2353.24,1,21
2026-03-04,Pre-campaign,Email,114.93,6475,259,238,16,2321.54,0,16
2026-03-04,Pre-campaign,SMS,74.52,542,65,62,5,748.35,0,5
2026-03-04,Pre-campaign,Paid Social,598.34,71583,859,704,11,1331.24,11,0
2026-03-04,Pre-campaign,Paid Search,540.58,8026,305,287,12,1952.72,5,7
2026-03-04,Pre-campaign,Affiliate,139.24,7056,127,112,4,599.76,2,2
2026-03-04,Pre-campaign,Organic,0.0,8660,433,411,13,1794.76,4,9
2026-03-04,Pre-campaign,Direct,0.0,0,0,412,16,1927.65,2,14
2026-03-05,Pre-campaign,Email,106.77,7500,300,276,17,2560.97,1,16
2026-03-05,Pre-campaign,SMS,76.67,458,55,53,5,814.81,0,5
2026-03-05,Pre-campaign,Paid Social,647.94,84333,1012,830,11,912.92,7,4
2026-03-05,Pre-campaign,Paid Search,546.35,7737,294,276,12,1678.77,2,10
2026-03-05,Pre-campaign,Affiliate,112.0,6056,109,96,3,441.96,0,3
2026-03-05,Pre-campaign,Organic,0.0,9340,467,444,13,1874.89,1,12
2026-03-05,Pre-campaign,Direct,0.0,0,0,408,16,2412.85,2,14
2026-03-06,Pre-campaign,Email,127.07,9775,391,360,25,3552.7,1,24
2026-03-06,Pre-campaign,SMS,76.67,408,49,47,4,481.8,1,3
2026-03-06,Pre-campaign,Paid Social,572.71,62167,746,612,9,907.51,5,4
2026-03-06,Pre-campaign,Paid Search,541.47,6763,257,242,10,1324.08,3,7
2026-03-06,Pre-campaign,Affiliate,61.28,3889,70,62,2,239.13,1,1
2026-03-06,Pre-campaign,Organic,0.0,14040,702,667,19,2333.04,3,16
2026-03-06,Pre-campaign,Direct,0.0,0,0,481,18,2822.02,1,17
2026-03-07,Pre-campaign,Email,110.6,8775,351,323,21,3139.34,1,20
2026-03-07,Pre-campaign,SMS,79.11,500,60,58,5,1009.66,1,4
2026-03-07,Pre-campaign,Paid Social,628.46,118667,1424,1168,17,1982.25,12,5
2026-03-07,Pre-campaign,Paid Search,585.26,8395,319,300,13,2053.84,7,6
2026-03-07,Pre-campaign,Affiliate,265.44,15167,273,240,8,1117.42,4,4
2026-03-07,Pre-campaign,Organic,0.0,10580,529,503,16,1631.38,4,12
2026-03-07,Pre-campaign,Direct,0.0,0,0,469,20,2930.23,1,19
2026-03-08,Pre-campaign,Email,105.25,10500,420,386,24,3280.6,2,22
2026-03-08,Pre-campaign,SMS,81.21,483,58,56,5,604.01,1,4
2026-03-08,Pre-campaign,Paid Social,582.17,77833,934,766,12,985.61,10,2
2026-03-08,Pre-campaign,Paid Search,546.08,7974,303,285,14,2653.75,7,7
2026-03-08,Pre-campaign,Affiliate,165.57,10333,186,164,5,674.41,1,4
2026-03-08,Pre-campaign,Organic,0.0,4520,226,215,7,679.56,1,6
2026-03-08,Pre-campaign,Direct,0.0,0,0,422,16,2261.41,2,14
2026-03-09,Pre-campaign,Email,112.47,8150,326,300,19,2963.86,0,19
2026-03-09,Pre-campaign,SMS,76.63,767,92,88,7,532.26,2,5
2026-03-09,Pre-campaign,Paid Social,613.44,65750,789,647,10,1049.82,10,0
2026-03-09,Pre-campaign,Paid Search,512.37,5105,194,182,8,1223.93,5,3
2026-03-09,Pre-campaign,Affiliate,295.36,14278,257,226,7,1261.4,2,5
2026-03-09,Pre-campaign,Organic,0.0,4000,200,190,6,690.37,2,4
2026-03-09,Pre-campaign,Direct,0.0,0,0,375,16,1749.63,1,15
2026-03-10,Pre-campaign,Email,122.5,5725,229,211,12,1812.8,2,10
2026-03-10,Pre-campaign,SMS,78.56,208,25,24,2,265.33,0,2
2026-03-10,Pre-campaign,Paid Social,650.48,140917,1691,1387,17,1538.39,10,7
2026-03-10,Pre-campaign,Paid Search,537.88,6895,262,246,11,1618.58,4,7
2026-03-10,Pre-campaign,Affiliate,215.8,15444,278,245,9,940.61,2,7
2026-03-10,Pre-campaign,Organic,0.0,16300,815,774,24,3179.72,5,19
2026-03-10,Pre-campaign,Direct,0.0,0,0,178,7,1264.95,1,6
2026-03-11,Pre-campaign,Email,104.75,10375,415,382,22,3261.56,4,18
2026-03-11,Pre-campaign,SMS,72.54,917,110,106,9,1002.26,0,9
2026-03-11,Pre-campaign,Paid Social,621.06,85583,1027,842,12,1373.28,9,3
2026-03-11,Pre-campaign,Paid Search,537.44,605,23,22,1,171.76,0,1
2026-03-11,Pre-campaign,Affiliate,330.02,19389,349,307,10,1512.46,6,4
2026-03-11,Pre-campaign,Organic,0.0,7300,365,347,10,1292.9,4,6
2026-03-11,Pre-campaign,Direct,0.0,0,0,492,19,2525.55,2,17
2026-03-12,Pre-campaign,Email,115.87,8200,328,302,20,3168.59,2,18
2026-03-12,Pre-campaign,SMS,74.21,750,90,86,7,861.99,0,7
2026-03-12,Pre-campaign,Paid Social,590.54,121250,1455,1193,17,1941.94,12,5
2026-03-12,Pre-campaign,Paid Search,564.71,8579,326,306,13,1546.12,6,7
2026-03-12,Pre-campaign,Affiliate,88.91,6944,125,110,4,392.03,1,3
2026-03-12,Pre-campaign,Organic,0.0,1980,99,94,3,203.47,0,3
2026-03-12,Pre-campaign,Direct,0.0,0,0,669,25,3589.34,3,22
2026-03-13,Pre-campaign,Email,111.66,11300,452,416,24,3346.24,1,23
2026-03-13,Pre-campaign,SMS,77.85,800,96,92,7,1198.48,1,6
2026-03-13,Pre-campaign,Paid Social,608.0,93417,1121,919,14,1193.58,10,4
2026-03-13,Pre-campaign,Paid Search,530.45,7632,290,273,12,1859.8,7,5
2026-03-13,Pre-campaign,Affiliate,59.34,3833,69,61,2,245.34,1,1
2026-03-13,Pre-campaign,Organic,0.0,11080,554,526,17,2098.71,2,15
2026-03-13,Pre-campaign,Direct,0.0,0,0,463,17,2248.8,2,15
2026-03-14,Pre-campaign,Email,105.77,9075,363,334,22,3136.19,1,21
2026-03-14,Pre-campaign,SMS,79.96,908,109,105,9,1398.89,2,7
2026-03-14,Pre-campaign,Paid Social,656.19,89333,1072,879,12,1600.95,10,2
2026-03-14,Pre-campaign,Paid Search,574.21,8658,329,309,15,2067.55,6,9
2026-03-14,Pre-campaign,Affiliate,286.58,21556,388,341,11,1253.03,8,3
2026-03-14,Pre-campaign,Organic,0.0,7980,399,379,11,1332.94,3,8
2026-03-14,Pre-campaign,Direct,0.0,0,0,490,21,2620.42,5,16
2026-03-15,Pre-campaign,Email,108.32,8550,342,315,19,2421.31,0,19
2026-03-15,Pre-campaign,SMS,82.16,542,65,62,5,665.93,0,5
2026-03-15,Pre-campaign,Paid Social,610.55,52500,630,517,7,649.48,7,0
2026-03-15,Pre-campaign,Paid Search,547.03,7289,277,260,11,1960.59,5,6
2026-03-15,Pre-campaign,Affiliate,245.98,14944,269,237,8,1142.61,3,5
2026-03-15,Pre-campaign,Organic,0.0,6860,343,326,9,1312.21,1,8
2026-03-15,Pre-campaign,Direct,0.0,0,0,448,20,1953.64,1,19
2026-03-16,Pre-campaign,Email,110.45,13300,532,489,26,3011.08,1,25
2026-03-16,Pre-campaign,SMS,87.66,550,66,63,6,678.44,0,6
2026-03-16,Pre-campaign,Paid Social,597.02,59083,709,581,8,901.84,6,2
2026-03-16,Pre-campaign,Paid Search,552.98,4053,154,145,7,988.02,2,5
2026-03-16,Pre-campaign,Affiliate,232.37,12556,226,199,7,883.49,3,4
2026-03-16,Pre-campaign,Organic,0.0,6160,308,293,11,1353.32,2,9
2026-03-16,Pre-campaign,Direct,0.0,0,0,263,11,1593.27,0,11
2026-03-17,Pre-campaign,Email,107.73,9150,366,337,20,2547.31,1,19
2026-03-17,Pre-campaign,SMS,77.85,442,53,51,4,602.24,0,4
2026-03-17,Pre-campaign,Paid Social,613.62,77000,924,758,10,807.02,10,0
2026-03-17,Pre-campaign,Paid Search,561.39,7553,287,270,12,1637.17,5,7
2026-03-17,Pre-campaign,Affiliate,256.52,12000,216,190,6,1142.2,4,2
2026-03-17,Pre-campaign,Organic,0.0,6680,334,317,10,1182.74,2,8
2026-03-17,Pre-campaign,Direct,0.0,0,0,384,16,2142.65,1,15
2026-03-18,Pre-campaign,Email,119.55,11225,449,413,23,4151.77,0,23
2026-03-18,Pre-campaign,SMS,81.67,425,51,49,4,450.68,0,4
2026-03-18,Pre-campaign,Paid Social,597.15,178083,2137,1752,22,2420.46,15,7
2026-03-18,Pre-campaign,Paid Search,568.32,3684,140,132,6,977.74,1,5
2026-03-18,Pre-campaign,Affiliate,169.92,9722,175,154,5,750.7,1,4
2026-03-18,Pre-campaign,Organic,0.0,7660,383,364,10,1218.62,3,7
2026-03-18,Pre-campaign,Direct,0.0,0,0,428,17,2427.11,0,17
2026-03-19,Pre-campaign,Email,101.28,8075,323,297,17,2706.52,0,17
2026-03-19,Pre-campaign,SMS,85.58,758,91,87,7,578.0,1,6
2026-03-19,Pre-campaign,Paid Social,594.38,94750,1137,932,13,1486.24,11,2
2026-03-19,Pre-campaign,Paid Search,585.62,11947,454,427,20,3239.04,7,13
2026-03-19,Pre-campaign,Affiliate,317.55,16056,289,254,9,1287.68,2,7
2026-03-19,Pre-campaign,Organic,0.0,7480,374,355,10,1260.63,2,8
2026-03-19,Pre-campaign,Direct,0.0,0,0,358,14,1554.53,1,13
2026-03-20,Pre-campaign,Email,114.84,10875,435,400,25,3414.79,0,25
2026-03-20,Pre-campaign,SMS,84.32,383,46,44,4,528.77,1,3
2026-03-20,Pre-campaign,Paid Social,655.08,65583,787,645,9,967.85,5,4
2026-03-20,Pre-campaign,Paid Search,585.49,8842,336,316,14,2100.02,5,9
2026-03-20,Pre-campaign,Affiliate,289.04,15222,274,241,9,1227.28,4,5
2026-03-20,Pre-campaign,Organic,0.0,11420,571,542,15,1733.41,4,11
2026-03-20,Pre-campaign,Direct,0.0,0,0,529,22,3189.65,3,19
2026-03-21,Pre-campaign,Email,107.83,9275,371,341,21,3004.01,1,20
2026-03-21,Pre-campaign,SMS,79.77,742,89,85,8,1274.69,0,8
2026-03-21,Pre-campaign,Paid Social,613.36,132917,1595,1308,16,1773.85,15,1
2026-03-21,Pre-campaign,Paid Search,606.53,12447,473,445,21,3260.99,8,13
2026-03-21,Pre-campaign,Affiliate,109.92,8278,149,131,4,473.85,0,4
2026-03-21,Pre-campaign,Organic,0.0,9880,494,469,14,1707.43,1,13
2026-03-21,Pre-campaign,Direct,0.0,0,0,494,20,2649.92,1,19
2026-03-22,Pre-campaign,Email,112.95,13475,539,496,28,3443.28,3,25
2026-03-22,Pre-campaign,SMS,78.29,733,88,84,7,1017.47,0,7
2026-03-22,Pre-campaign,Paid Social,607.5,94500,1134,930,14,1949.44,11,3
2026-03-22,Pre-campaign,Paid Search,539.11,6974,265,249,11,1632.83,1,10
2026-03-22,Pre-campaign,Affiliate,176.04,15611,281,247,8,802.15,3,5
2026-03-22,Pre-campaign,Organic,0.0,5880,294,279,8,1047.17,0,8
2026-03-22,Pre-campaign,Direct,0.0,0,0,522,21,2771.76,0,21
2026-03-23,Pre-campaign,Email,118.1,6875,275,253,16,2695.82,0,16
2026-03-23,Pre-campaign,SMS,86.26,558,67,64,6,670.55,0,6
2026-03-23,Pre-campaign,Paid Social,617.15,41167,494,405,6,559.24,4,2
2026-03-23,Pre-campaign,Paid Search,545.46,11711,445,418,20,3191.2,6,14
2026-03-23,Pre-campaign,Affiliate,153.74,12333,222,195,6,651.58,2,4
2026-03-23,Pre-campaign,Organic,0.0,7960,398,378,10,1331.68,4,6
2026-03-23,Pre-campaign,Direct,0.0,0,0,512,22,3149.69,1,21
2026-03-24,Pre-campaign,Email,113.64,12875,515,474,28,3552.96,1,27
2026-03-24,Pre-campaign,SMS,90.2,100,12,12,1,150.02,0,1
2026-03-24,Pre-campaign,Paid Social,615.15,96250,1155,947,14,1581.15,9,5
2026-03-24,Pre-campaign,Paid Search,510.79,3895,148,139,6,500.14,1,5
2026-03-24,Pre-campaign,Affiliate,144.95,5111,92,81,3,591.34,2,1
2026-03-24,Pre-campaign,Organic,0.0,8020,401,381,11,1334.41,3,8
2026-03-24,Pre-campaign,Direct,0.0,0,0,485,21,2770.26,1,20
2026-03-25,Pre-campaign,Email,116.47,9375,375,345,24,3871.75,0,24
2026-03-25,Pre-campaign,SMS,84.3,1100,132,127,10,1703.35,1,9
2026-03-25,Pre-campaign,Paid Social,624.52,88583,1063,872,13,1337.07,10,3
2026-03-25,Pre-campaign,Paid Search,537.52,3316,126,118,5,1205.61,5,0
2026-03-25,Pre-campaign,Affiliate,44.85,5556,100,88,3,178.3,2,1
2026-03-25,Pre-campaign,Organic,0.0,10180,509,484,14,1902.13,4,10
2026-03-25,Pre-campaign,Direct,0.0,0,0,445,17,2267.97,2,15
2026-03-26,Pre-campaign,Email,111.84,8375,335,308,18,2753.5,1,17
2026-03-26,Pre-campaign,SMS,84.08,433,52,50,4,740.15,0,4
2026-03-26,Pre-campaign,Paid Social,644.39,119833,1438,1179,17,1691.3,12,5
2026-03-26,Pre-campaign,Paid Search,541.67,5553,211,198,9,1578.84,2,7
2026-03-26,Pre-campaign,Affiliate,184.64,9278,167,147,5,732.72,1,4
2026-03-26,Pre-campaign,Organic,0.0,8660,433,411,13,1591.22,4,9
2026-03-26,Pre-campaign,Direct,0.0,0,0,382,16,2112.44,1,15
2026-03-27,Pre-campaign,Email,112.82,8150,326,300,19,2946.1,1,18
2026-03-27,Pre-campaign,SMS,80.07,650,78,75,7,971.61,0,7
2026-03-27,Pre-campaign,Paid Social,560.18,81417,977,801,11,1325.85,6,5
2026-03-27,Pre-campaign,Paid Search,539.34,7158,272,256,12,1820.25,4,8
2026-03-27,Pre-campaign,Affiliate,100.18,4111,74,65,2,397.85,0,2
2026-03-27,Pre-campaign,Organic,0.0,15340,767,729,20,2624.75,10,10
2026-03-27,Pre-campaign,Direct,0.0,0,0,489,19,2709.09,3,16
2026-03-28,Pre-campaign,Email,108.42,16575,663,610,34,4531.86,2,32
2026-03-28,Pre-campaign,SMS,83.04,467,56,54,5,892.94,1,4
2026-03-28,Pre-campaign,Paid Social,614.39,90917,1091,895,14,1816.75,7,7
2026-03-28,Pre-campaign,Paid Search,557.97,5632,214,201,9,1805.5,3,6
2026-03-28,Pre-campaign,Affiliate,284.89,14444,260,229,8,1213.84,4,4
2026-03-28,Pre-campaign,Organic,0.0,8640,432,410,12,1734.99,1,11
2026-03-28,Pre-campaign,Direct,0.0,0,0,470,18,2010.29,1,17
2026-03-29,Pre-campaign,Email,112.36,10675,427,393,23,3490.34,1,22
2026-03-29,Pre-campaign,SMS,72.48,883,106,102,9,996.14,1,8
2026-03-29,Pre-campaign,Paid Social,607.51,84417,1013,831,12,1125.9,11,1
2026-03-29,Pre-campaign,Paid Search,568.53,3711,141,133,6,983.27,2,4
2026-03-29,Pre-campaign,Affiliate,180.08,12944,233,205,7,828.77,3,4
2026-03-29,Pre-campaign,Organic,0.0,9040,452,429,14,1802.42,0,14
2026-03-29,Pre-campaign,Direct,0.0,0,0,715,26,3338.11,1,25
2026-03-30,Pre-campaign,Email,111.93,12700,508,467,27,4685.93,3,24
2026-03-30,Pre-campaign,SMS,84.09,325,39,37,3,536.41,0,3
2026-03-30,Pre-campaign,Paid Social,572.49,43167,518,425,6,565.15,4,2
2026-03-30,Pre-campaign,Paid Search,587.15,5684,216,203,9,1125.36,4,5
2026-03-30,Pre-campaign,Affiliate,228.09,11556,208,183,6,1018.55,2,4
2026-03-30,Pre-campaign,Organic,0.0,6080,304,289,8,805.67,0,8
2026-03-30,Pre-campaign,Direct,0.0,0,0,511,22,2704.74,3,19
2026-03-31,Pre-campaign,Email,114.37,10350,414,381,25,3860.74,3,22
2026-03-31,Pre-campaign,SMS,75.74,433,52,50,4,497.87,0,4
2026-03-31,Pre-campaign,Paid Social,619.98,61583,739,606,10,998.31,7,3
2026-03-31,Pre-campaign,Paid Search,548.49,5816,221,208,10,1306.58,3,7
2026-03-31,Pre-campaign,Affiliate,135.32,9667,174,153,5,583.21,1,4
2026-03-31,Pre-campaign,Organic,0.0,6060,303,288,8,968.48,2,6
2026-03-31,Pre-campaign,Direct,0.0,0,0,426,18,2309.64,3,15
2026-04-01,Pre-campaign,Email,108.18,9200,368,339,20,2702.98,1,19
2026-04-01,Pre-campaign,SMS,83.65,708,85,82,7,994.64,3,4
2026-04-01,Pre-campaign,Paid Social,643.32,133833,1606,1317,18,1901.69,10,8
2026-04-01,Pre-campaign,Paid Search,546.06,4342,165,155,7,1095.84,3,4
2026-04-01,Pre-campaign,Affiliate,184.38,10556,190,167,6,822.34,1,5
2026-04-01,Pre-campaign,Organic,0.0,8400,420,399,12,1702.22,1,11
2026-04-01,Pre-campaign,Direct,0.0,0,0,519,20,2672.9,1,19
2026-04-02,Pre-campaign,Email,113.4,10625,425,391,21,3543.57,0,21
2026-04-02,Pre-campaign,SMS,82.3,742,89,85,7,765.54,1,6
2026-04-02,Pre-campaign,Paid Social,661.23,54250,651,534,8,661.02,5,3
2026-04-02,Pre-campaign,Paid Search,525.06,11342,431,405,19,2832.64,7,12
2026-04-02,Pre-campaign,Affiliate,89.97,5944,107,94,3,395.41,3,0
2026-04-02,Pre-campaign,Organic,0.0,7860,393,373,11,1490.7,2,9
2026-04-02,Pre-campaign,Direct,0.0,0,0,527,19,2108.09,1,18
2026-04-03,Pre-campaign,Email,109.45,8475,339,312,19,3135.67,1,18
2026-04-03,Pre-campaign,SMS,78.29,450,54,52,5,559.14,2,3
2026-04-03,Pre-campaign,Paid Social,694.85,133333,1600,1312,17,1550.88,13,4
2026-04-03,Pre-campaign,Paid Search,608.26,7289,277,260,12,2309.46,1,11
2026-04-03,Pre-campaign,Affiliate,203.85,12222,220,194,6,903.32,2,4
2026-04-03,Pre-campaign,Organic,0.0,8480,424,403,12,1309.28,2,10
2026-04-03,Pre-campaign,Direct,0.0,0,0,429,17,1922.44,4,13
2026-04-04,Pre-campaign,Email,105.59,10075,403,371,22,2817.91,1,21
2026-04-04,Pre-campaign,SMS,88.42,425,51,49,4,358.2,0,4
2026-04-04,Pre-campaign,Paid Social,605.42,106083,1273,1044,15,1781.36,13,2
2026-04-04,Pre-campaign,Paid Search,611.62,11342,431,405,18,2902.17,8,10
2026-04-04,Pre-campaign,Affiliate,303.48,20444,368,324,11,1260.82,5,6
2026-04-04,Pre-campaign,Organic,0.0,11660,583,554,17,2274.54,1,16
2026-04-04,Pre-campaign,Direct,0.0,0,0,381,16,2449.58,0,16
2026-04-05,Pre-campaign,Email,117.96,7800,312,287,17,2542.62,1,16
2026-04-05,Pre-campaign,SMS,72.47,733,88,84,7,858.54,0,7
2026-04-05,Pre-campaign,Paid Social,620.94,187583,2251,1846,25,2366.47,13,12
2026-04-05,Pre-campaign,Paid Search,534.76,7895,300,282,12,1936.82,3,9
2026-04-05,Pre-campaign,Affiliate,97.65,5278,95,84,3,381.04,1,2
2026-04-05,Pre-campaign,Organic,0.0,10020,501,476,14,1698.78,3,11
2026-04-05,Pre-campaign,Direct,0.0,0,0,473,19,2678.94,1,18
2026-04-06,Pre-campaign,Email,115.35,11650,466,429,26,3943.31,4,22
2026-04-06,Pre-campaign,SMS,84.14,208,25,24,2,316.23,0,2
2026-04-06,Pre-campaign,Paid Social,640.99,49083,589,483,7,959.83,6,1
2026-04-06,Pre-campaign,Paid Search,536.39,13105,498,468,22,3102.86,13,9
2026-04-06,Pre-campaign,Affiliate,222.43,13500,243,214,7,876.39,2,5
2026-04-06,Pre-campaign,Organic,0.0,6380,319,303,9,1160.48,1,8
2026-04-06,Pre-campaign,Direct,0.0,0,0,402,16,2531.65,2,14
2026-04-07,Pre-campaign,Email,99.79,8150,326,300,18,2403.61,0,18
2026-04-07,Pre-campaign,SMS,82.17,483,58,56,5,466.02,1,4
2026-04-07,Pre-campaign,Paid Social,622.81,73667,884,725,10,981.03,9,1
2026-04-07,Pre-campaign,Paid Search,580.12,7447,283,266,13,1783.8,7,6
2026-04-07,Pre-campaign,Affiliate,59.01,3778,68,60,2,252.1,0,2
2026-04-07,Pre-campaign,Organic,0.0,7720,386,367,12,1938.95,1,11
2026-04-07,Pre-campaign,Direct,0.0,0,0,439,17,2368.84,0,17
2026-04-08,Pre-campaign,Email,109.33,6525,261,240,15,1866.98,1,14
2026-04-08,Pre-campaign,SMS,75.82,317,38,36,3,119.39,0,3
2026-04-08,Pre-campaign,Paid Social,586.45,91667,1100,902,14,1233.66,11,3
2026-04-08,Pre-campaign,Paid Search,524.93,9184,349,328,15,2386.93,7,8
2026-04-08,Pre-campaign,Affiliate,246.41,10556,190,167,6,1009.13,2,4
2026-04-08,Pre-campaign,Organic,0.0,6400,320,304,9,891.63,2,7
2026-04-08,Pre-campaign,Direct,0.0,0,0,434,18,2273.7,1,17
2026-04-09,Pre-campaign,Email,105.4,8725,349,321,20,2623.84,0,20
2026-04-09,Pre-campaign,SMS,71.52,1000,120,115,9,1473.87,0,9
2026-04-09,Pre-campaign,Paid Social,673.01,108917,1307,1072,15,1823.09,13,2
2026-04-09,Pre-campaign,Paid Search,567.83,10447,397,373,16,2650.88,6,10
2026-04-09,Pre-campaign,Affiliate,177.91,11611,209,184,6,771.9,1,5
2026-04-09,Pre-campaign,Organic,0.0,6560,328,312,9,1369.48,2,7
2026-04-09,Pre-campaign,Direct,0.0,0,0,454,17,2078.86,2,15
2026-04-10,Pre-campaign,Email,106.7,10925,437,402,27,4412.92,0,27
2026-04-10,Pre-campaign,SMS,84.75,475,57,55,5,717.4,0,5
2026-04-10,Pre-campaign,Paid Social,588.64,92917,1115,914,12,1196.01,10,2
2026-04-10,Pre-campaign,Paid Search,612.9,9316,354,333,14,2231.31,3,11
2026-04-10,Pre-campaign,Affiliate,203.95,18111,326,287,9,916.88,3,6
2026-04-10,Pre-campaign,Organic,0.0,9760,488,464,13,1844.53,4,9
2026-04-10,Pre-campaign,Direct,0.0,0,0,374,15,2334.25,2,13
2026-04-11,Pre-campaign,Email,116.29,11775,471,433,28,3954.02,1,27
2026-04-11,Pre-campaign,SMS,79.88,675,81,78,7,1032.6,1,6
2026-04-11,Pre-campaign,Paid Social,603.68,93167,1118,917,13,1192.44,12,1
2026-04-11,Pre-campaign,Paid Search,624.71,8789,334,314,14,2149.28,4,10
2026-04-11,Pre-campaign,Affiliate,211.27,11444,206,181,6,930.11,4,2
2026-04-11,Pre-campaign,Organic,0.0,7920,396,376,11,1288.97,2,9
2026-04-11,Pre-campaign,Direct,0.0,0,0,398,16,2681.24,1,15
2026-04-12,Pre-campaign,Email,110.41,8850,354,326,19,3207.53,3,16
2026-04-12,Pre-campaign,SMS,77.78,675,81,78,6,785.3,0,6
2026-04-12,Pre-campaign,Paid Social,640.71,79083,949,778,10,1199.58,3,7
2026-04-12,Pre-campaign,Paid Search,559.39,6974,265,249,11,1134.57,7,4
2026-04-12,Pre-campaign,Affiliate,235.7,11167,201,177,6,993.39,1,5
2026-04-12,Pre-campaign,Organic,0.0,8540,427,406,12,1962.07,1,11
2026-04-12,Pre-campaign,Direct,0.0,0,0,413,19,2469.01,3,16
2026-04-13,Pre-campaign,Email,113.52,14950,598,550,31,4649.78,1,30
2026-04-13,Pre-campaign,SMS,80.99,408,49,47,4,553.4,0,4
2026-04-13,Pre-campaign,Paid Social,622.83,46667,560,459,6,611.06,4,2
2026-04-13,Pre-campaign,Paid Search,511.9,4421,168,158,6,463.59,1,5
2026-04-13,Pre-campaign,Affiliate,215.27,11556,208,183,6,913.8,2,4
2026-04-13,Pre-campaign,Organic,0.0,9780,489,465,15,1789.55,4,11
2026-04-13,Pre-campaign,Direct,0.0,0,0,480,18,2665.43,1,17
2026-04-14,Pre-campaign,Email,106.67,12675,507,466,28,3933.67,4,24
2026-04-14,Pre-campaign,SMS,76.2,608,73,70,6,535.44,1,5
2026-04-14,Pre-campaign,Paid Social,583.92,69833,838,687,10,1141.32,8,2
2026-04-14,Pre-campaign,Paid Search,538.73,6895,262,246,12,1628.86,4,8
2026-04-14,Pre-campaign,Affiliate,195.45,12222,220,194,6,877.85,3,3
2026-04-14,Pre-campaign,Organic,0.0,6560,328,312,10,1124.4,2,8
2026-04-14,Pre-campaign,Direct,0.0,0,0,445,17,2261.13,0,17
2026-04-15,Pre-campaign,Email,118.91,10425,417,384,24,4018.52,2,22
2026-04-15,Pre-campaign,SMS,75.74,517,62,60,5,547.41,0,5
2026-04-15,Pre-campaign,Paid Social,587.9,99833,1198,982,14,1523.65,10,4
2026-04-15,Pre-campaign,Paid Search,531.27,5974,227,213,10,1738.05,4,6
2026-04-15,Pre-campaign,Affiliate,181.23,14667,264,232,8,745.94,0,8
2026-04-15,Pre-campaign,Organic,0.0,12180,609,579,17,1925.72,3,14
2026-04-15,Pre-campaign,Direct,0.0,0,0,466,19,2284.3,3,16
2026-04-16,Pre-campaign,Email,106.43,10250,410,377,23,3649.27,1,22
2026-04-16,Pre-campaign,SMS,83.0,483,58,56,5,872.99,2,3
2026-04-16,Pre-campaign,Paid Social,655.42,74833,898,736,10,1077.39,8,2
2026-04-16,Pre-campaign,Paid Search,565.05,9316,354,333,15,2005.44,11,4
2026-04-16,Pre-campaign,Affiliate,135.27,9778,176,155,6,549.81,2,4
2026-04-16,Pre-campaign,Organic,0.0,12080,604,574,18,2296.58,3,15
2026-04-16,Pre-campaign,Direct,0.0,0,0,402,16,2482.56,3,13
2026-04-17,Pre-campaign,Email,124.0,12100,484,445,26,3810.19,1,25
2026-04-17,Pre-campaign,SMS,84.72,517,62,60,5,714.44,3,2
2026-04-17,Pre-campaign,Paid Social,687.37,49917,599,491,6,438.59,4,2
2026-04-17,Pre-campaign,Paid Search,566.94,5605,213,200,10,1523.25,3,7
2026-04-17,Pre-campaign,Affiliate,164.77,16111,290,255,8,746.77,1,7
2026-04-17,Pre-campaign,Organic,0.0,12440,622,591,18,1884.26,2,16
2026-04-17,Pre-campaign,Direct,0.0,0,0,357,15,2157.91,2,13
2026-04-18,Pre-campaign,Email,95.16,11475,459,422,26,3717.14,0,26
2026-04-18,Pre-campaign,SMS,81.6,200,24,23,2,221.15,1,1
2026-04-18,Pre-campaign,Paid Social,563.53,75500,906,743,9,928.45,4,5
2026-04-18,Pre-campaign,Paid Search,561.31,4895,186,175,9,1595.23,3,6
2026-04-18,Pre-campaign,Affiliate,438.13,20944,377,332,12,1716.49,6,6
2026-04-18,Pre-campaign,Organic,0.0,13500,675,641,20,2164.84,5,15
2026-04-18,Pre-campaign,Direct,0.0,0,0,534,25,3254.24,1,24
2026-04-19,Pre-campaign,Email,122.65,7825,313,288,17,1936.89,1,16
2026-04-19,Pre-campaign,SMS,85.92,192,23,22,2,260.03,0,2
2026-04-19,Pre-campaign,Paid Social,569.85,71000,852,699,9,1030.83,9,0
2026-04-19,Pre-campaign,Paid Search,530.14,9026,343,322,15,1968.89,6,9
2026-04-19,Pre-campaign,Affiliate,183.78,11389,205,180,6,855.65,3,3
2026-04-19,Pre-campaign,Organic,0.0,8680,434,412,14,2043.3,3,11
2026-04-19,Pre-campaign,Direct,0.0,0,0,618,23,3830.48,3,20
2026-04-20,Pre-campaign,Email,105.25,7775,311,286,16,2168.23,1,15
2026-04-20,Pre-campaign,SMS,79.83,642,77,74,6,985.17,1,5
2026-04-20,Pre-campaign,Paid Social,649.79,58667,704,577,8,709.75,7,1
2026-04-20,Pre-campaign,Paid Search,534.0,14789,562,528,22,3323.18,12,10
2026-04-20,Pre-campaign,Affiliate,189.49,13833,249,219,7,874.96,2,5
2026-04-20,Pre-campaign,Organic,0.0,9460,473,449,14,1671.09,2,12
2026-04-20,Pre-campaign,Direct,0.0,0,0,298,13,1594.69,1,12
2026-04-21,Pre-campaign,Email,103.09,7475,299,275,18,2975.71,0,18
2026-04-21,Pre-campaign,SMS,75.1,292,35,34,3,618.24,0,3
2026-04-21,Pre-campaign,Paid Social,570.03,80917,971,796,11,1055.47,10,1
2026-04-21,Pre-campaign,Paid Search,523.71,7658,291,274,13,1953.63,6,7
2026-04-21,Pre-campaign,Affiliate,327.98,15889,286,252,9,1401.72,2,7
2026-04-21,Pre-campaign,Organic,0.0,10180,509,484,17,2177.62,2,15
2026-04-21,Pre-campaign,Direct,0.0,0,0,328,15,1842.28,2,13
2026-04-22,Pre-campaign,Email,104.99,11575,463,426,25,3553.2,0,25
2026-04-22,Pre-campaign,SMS,86.33,808,97,93,8,996.22,0,8
2026-04-22,Pre-campaign,Paid Social,686.23,74583,895,734,10,1053.34,7,3
2026-04-22,Pre-campaign,Paid Search,555.21,4868,185,174,8,1503.33,7,1
2026-04-22,Pre-campaign,Affiliate,179.0,13278,239,210,7,890.85,3,4
2026-04-22,Pre-campaign,Organic,0.0,7160,358,340,10,1385.31,1,9
2026-04-22,Pre-campaign,Direct,0.0,0,0,459,19,2682.86,1,18
2026-04-23,Pre-campaign,Email,114.61,8150,326,300,18,2211.11,2,16
2026-04-23,Pre-campaign,SMS,86.11,575,69,66,5,430.87,2,3
2026-04-23,Pre-campaign,Paid Social,622.98,96917,1163,954,13,1060.01,10,3
2026-04-23,Pre-campaign,Paid Search,532.16,6237,237,223,11,1933.3,2,9
2026-04-23,Pre-campaign,Affiliate,429.62,23222,418,368,12,1687.08,7,5
2026-04-23,Pre-campaign,Organic,0.0,6780,339,322,10,1388.06,2,8
2026-04-23,Pre-campaign,Direct,0.0,0,0,325,13,1786.1,1,12
2026-04-24,Pre-campaign,Email,105.56,10250,410,377,21,2488.01,3,18
2026-04-24,Pre-campaign,SMS,74.76,417,50,48,4,760.3,0,4
2026-04-24,Pre-campaign,Paid Social,661.48,131417,1577,1293,19,2019.61,13,6
2026-04-24,Pre-campaign,Paid Search,627.89,8974,341,321,16,2114.37,7,9
2026-04-24,Pre-campaign,Affiliate,309.67,19056,343,302,9,1320.66,1,8
2026-04-24,Pre-campaign,Organic,0.0,7780,389,370,11,1275.98,4,7
2026-04-24,Pre-campaign,Direct,0.0,0,0,596,23,2711.63,3,20
2026-04-25,Pre-campaign,Email,96.17,8175,327,301,19,2546.27,1,18
2026-04-25,Pre-campaign,SMS,82.97,317,38,36,3,575.85,0,3
2026-04-25,Pre-campaign,Paid Social,597.4,131000,1572,1289,20,2204.33,13,7
2026-04-25,Pre-campaign,Paid Search,584.25,6053,230,216,10,1374.8,2,8
2026-04-25,Pre-campaign,Affiliate,340.09,15556,280,246,8,1304.77,3,5
2026-04-25,Pre-campaign,Organic,0.0,15720,786,747,22,2603.52,2,20
2026-04-25,Pre-campaign,Direct,0.0,0,0,550,21,2420.11,1,20
2026-04-26,Pre-campaign,Email,99.09,9200,368,339,19,2631.43,1,18
2026-04-26,Pre-campaign,SMS,74.15,583,70,67,6,1083.64,1,5
2026-04-26,Pre-campaign,Paid Social,662.25,131917,1583,1298,20,2127.97,13,7
2026-04-26,Pre-campaign,Paid Search,562.04,4553,173,163,8,1271.86,2,6
2026-04-26,Pre-campaign,Affiliate,361.09,15111,272,239,8,1439.67,3,5
2026-04-26,Pre-campaign,Organic,0.0,9620,481,457,14,1861.23,2,12
2026-04-26,Pre-campaign,Direct,0.0,0,0,534,21,2980.57,2,19
2026-04-27,Pre-campaign,Email,112.22,7450,298,274,18,2635.16,2,16
2026-04-27,Pre-campaign,SMS,76.83,325,39,37,3,298.97,0,3
2026-04-27,Pre-campaign,Paid Social,606.31,117750,1413,1159,17,1482.29,13,4
2026-04-27,Pre-campaign,Paid Search,591.66,9474,360,338,15,2347.87,8,7
2026-04-27,Pre-campaign,Affiliate,161.32,8833,159,140,5,685.26,1,4
2026-04-27,Pre-campaign,Organic,0.0,8820,441,419,13,1593.57,3,10
2026-04-27,Pre-campaign,Direct,0.0,0,0,377,15,1705.81,3,12
2026-04-28,Pre-campaign,Email,102.61,8725,349,321,19,2634.89,0,19
2026-04-28,Pre-campaign,SMS,75.51,592,71,68,6,1171.88,0,6
2026-04-28,Pre-campaign,Paid Social,649.51,123167,1478,1212,16,1718.66,12,4
2026-04-28,Pre-campaign,Paid Search,634.05,7263,276,259,12,1718.4,7,5
2026-04-28,Pre-campaign,Affiliate,155.76,9333,168,148,5,685.84,1,4
2026-04-28,Pre-campaign,Organic,0.0,11380,569,541,17,2170.95,2,15
2026-04-28,Pre-campaign,Direct,0.0,0,0,296,13,1899.05,0,13
2026-04-29,Pre-campaign,Email,112.5,8350,334,307,20,3734.13,1,19
2026-04-29,Pre-campaign,SMS,77.82,433,52,50,4,505.65,0,4
2026-04-29,Pre-campaign,Paid Social,559.15,93333,1120,918,13,1538.63,9,4
2026-04-29,Pre-campaign,Paid Search,586.5,6526,248,233,12,1634.82,5,7
2026-04-29,Pre-campaign,Affiliate,184.05,13000,234,206,7,775.14,2,5
2026-04-29,Pre-campaign,Organic,0.0,10760,538,511,15,2079.0,2,13
2026-04-29,Pre-campaign,Direct,0.0,0,0,363,15,2432.13,2,13
2026-04-30,Pre-campaign,Email,117.63,10450,418,385,23,3603.65,1,22
2026-04-30,Pre-campaign,SMS,79.67,483,58,56,5,737.06,0,5
2026-04-30,Pre-campaign,Paid Social,635.34,75917,911,747,12,1173.24,7,5
2026-04-30,Pre-campaign,Paid Search,563.38,4342,165,155,8,912.55,3,5
2026-04-30,Pre-campaign,Affiliate,162.51,6944,125,110,4,649.05,2,2
2026-04-30,Pre-campaign,Organic,0.0,9300,465,442,14,1897.19,2,12
2026-04-30,Pre-campaign,Direct,0.0,0,0,509,18,2348.19,0,18
2026-05-01,Pre-campaign,Email,105.44,10325,413,380,21,2428.83,1,20
2026-05-01,Pre-campaign,SMS,83.65,483,58,56,5,753.39,0,5
2026-05-01,Pre-campaign,Paid Social,578.12,78583,943,773,11,1041.76,6,5
2026-05-01,Pre-campaign,Paid Search,573.31,10158,386,363,16,2533.25,5,11
2026-05-01,Pre-campaign,Affiliate,127.18,5556,100,88,3,544.21,2,1
2026-05-01,Pre-campaign,Organic,0.0,12500,625,594,19,2440.93,3,16
2026-05-01,Pre-campaign,Direct,0.0,0,0,459,16,2359.19,1,15
2026-05-02,Pre-campaign,Email,105.09,10300,412,379,24,3338.54,3,21
2026-05-02,Pre-campaign,SMS,81.1,833,100,96,8,839.31,1,7
2026-05-02,Pre-campaign,Paid Social,634.67,112417,1349,1106,14,1633.97,6,8
2026-05-02,Pre-campaign,Paid Search,544.42,10553,401,377,18,2506.23,6,12
2026-05-02,Pre-campaign,Affiliate,27.84,4111,74,65,2,115.54,1,1
2026-05-02,Pre-campaign,Organic,0.0,11160,558,530,15,1990.09,2,13
2026-05-02,Pre-campaign,Direct,0.0,0,0,395,15,2022.96,1,14
2026-05-03,Pre-campaign,Email,113.51,7925,317,292,17,2889.91,0,17
2026-05-03,Pre-campaign,SMS,77.0,1000,120,115,10,843.64,0,10
2026-05-03,Pre-campaign,Paid Social,627.11,138250,1659,1360,19,2174.54,15,4
2026-05-03,Pre-campaign,Paid Search,523.48,6763,257,242,10,1639.56,2,8
2026-05-03,Pre-campaign,Affiliate,414.92,23500,423,372,12,1805.05,6,6
2026-05-03,Pre-campaign,Organic,0.0,7780,389,370,12,1202.55,1,11
2026-05-03,Pre-campaign,Direct,0.0,0,0,455,19,2852.05,0,19
2026-05-04,Pre-campaign,Email,102.55,9175,367,338,20,2269.74,2,18
2026-05-04,Pre-campaign,SMS,86.03,200,24,23,2,299.82,0,2
2026-05-04,Pre-campaign,Paid Social,636.42,80500,966,792,11,1396.12,6,5
2026-05-04,Pre-campaign,Paid Search,574.39,8921,339,319,14,2182.05,7,7
2026-05-04,Pre-campaign,Affiliate,271.61,12833,231,203,7,1100.59,0,7
2026-05-04,Pre-campaign,Organic,0.0,4700,235,223,7,969.67,1,6
2026-05-04,Pre-campaign,Direct,0.0,0,0,506,20,2462.51,1,19
2026-05-05,Pre-campaign,Email,107.72,10125,405,373,22,3050.94,1,21
2026-05-05,Pre-campaign,SMS,81.41,775,93,89,8,1044.32,2,6
2026-05-05,Pre-campaign,Paid Social,601.77,67417,809,663,9,681.44,8,1
2026-05-05,Pre-campaign,Paid Search,644.56,10342,393,369,17,2367.84,6,11
2026-05-05,Pre-campaign,Affiliate,230.39,11111,200,176,6,897.94,2,4
2026-05-05,Pre-campaign,Organic,0.0,7780,389,370,11,1247.21,4,7
2026-05-05,Pre-campaign,Direct,0.0,0,0,306,13,2104.09,2,11
2026-05-06,Pre-campaign,Email,106.33,9625,385,354,18,2608.95,1,17
2026-05-06,Pre-campaign,SMS,78.87,833,100,96,8,888.63,0,8
2026-05-06,Pre-campaign,Paid Social,648.45,73667,884,725,11,1170.4,10,1
2026-05-06,Pre-campaign,Paid Search,575.12,9026,343,322,13,2171.08,6,7
2026-05-06,Pre-campaign,Affiliate,251.12,13444,242,213,7,1034.65,2,5
2026-05-06,Pre-campaign,Organic,0.0,7240,362,344,10,1154.63,1,9
2026-05-06,Pre-campaign,Direct,0.0,0,0,461,20,2588.92,2,18
2026-05-07,Pre-campaign,Email,113.09,11800,472,434,27,3827.74,2,25
2026-05-07,Pre-campaign,SMS,81.66,317,38,36,3,571.23,0,3
2026-05-07,Pre-campaign,Paid Social,594.98,98167,1178,966,13,1442.39,9,4
2026-05-07,Pre-campaign,Paid Search,571.5,4211,160,150,7,1297.24,2,5
2026-05-07,Pre-campaign,Affiliate,240.36,12556,226,199,6,1021.65,4,2
2026-05-07,Pre-campaign,Organic,0.0,6880,344,327,10,1222.44,1,9
2026-05-07,Pre-campaign,Direct,0.0,0,0,482,18,2372.66,0,18
2026-05-08,Pre-campaign,Email,114.39,12225,489,450,27,4035.83,1,26
2026-05-08,Pre-campaign,SMS,81.83,792,95,91,7,1074.24,0,7
2026-05-08,Pre-campaign,Paid Social,614.45,100917,1211,993,14,1653.05,11,3
2026-05-08,Pre-campaign,Paid Search,584.21,7816,297,279,13,1933.7,6,7
2026-05-08,Pre-campaign,Affiliate,136.85,8500,153,135,5,558.02,2,3
2026-05-08,Pre-campaign,Organic,0.0,7880,394,374,11,1513.78,2,9
2026-05-08,Pre-campaign,Direct,0.0,0,0,428,16,2437.61,2,14
2026-05-09,Pre-campaign,Email,102.97,12475,499,459,28,4378.83,3,25
2026-05-09,Pre-campaign,SMS,82.84,925,111,107,9,1368.4,4,5
2026-05-09,Pre-campaign,Paid Social,631.07,97083,1165,955,12,1294.3,8,4
2026-05-09,Pre-campaign,Paid Search,575.06,9237,351,330,17,2977.86,7,10
2026-05-09,Pre-campaign,Affiliate,317.35,17667,318,280,9,1302.84,6,3
2026-05-09,Pre-campaign,Organic,0.0,8860,443,421,13,1948.77,1,12
2026-05-09,Pre-campaign,Direct,0.0,0,0,461,17,2515.42,2,15
2026-05-10,Pre-campaign,Email,103.74,12550,502,462,28,3908.64,2,26
2026-05-10,Pre-campaign,SMS,78.93,867,104,100,8,1039.57,2,6
2026-05-10,Pre-campaign,Paid Social,626.81,107417,1289,1057,16,1650.54,11,5
2026-05-10,Pre-campaign,Paid Search,547.48,7132,271,255,12,1774.05,2,10
2026-05-10,Pre-campaign,Affiliate,135.64,10222,184,162,5,582.82,2,3
2026-05-10,Pre-campaign,Organic,0.0,8120,406,386,12,1962.8,2,10
2026-05-10,Pre-campaign,Direct,0.0,0,0,394,16,2558.44,2,14
2026-05-11,Pre-campaign,Email,111.76,8325,333,306,18,2411.87,1,17
2026-05-11,Pre-campaign,SMS,79.55,742,89,85,7,867.03,1,6
2026-05-11,Pre-campaign,Paid Social,618.17,48083,577,473,7,795.55,6,1
2026-05-11,Pre-campaign,Paid Search,525.83,5158,196,184,9,872.48,4,5
2026-05-11,Pre-campaign,Affiliate,216.78,14889,268,236,7,928.38,4,3
2026-05-11,Pre-campaign,Organic,0.0,8080,404,384,13,1494.44,4,9
2026-05-11,Pre-campaign,Direct,0.0,0,0,504,21,3115.78,1,20
2026-05-12,Pre-campaign,Email,97.78,9825,393,362,19,2743.5,1,18
2026-05-12,Pre-campaign,SMS,75.62,900,108,104,8,1555.67,0,8
2026-05-12,Pre-campaign,Paid Social,580.92,59750,717,588,9,738.26,7,2
2026-05-12,Pre-campaign,Paid Search,598.07,5026,191,180,9,1461.89,6,3
2026-05-12,Pre-campaign,Affiliate,316.76,16222,292,257,9,1333.99,5,4
2026-05-12,Pre-campaign,Organic,0.0,5780,289,275,8,1348.85,1,7
2026-05-12,Pre-campaign,Direct,0.0,0,0,442,17,2641.35,0,17
2026-05-13,Pre-campaign,Email,105.26,7150,286,263,14,2131.62,0,14
2026-05-13,Pre-campaign,SMS,83.9,1008,121,116,9,1113.68,2,7
2026-05-13,Pre-campaign,Paid Social,570.4,79083,949,778,10,974.03,7,3
2026-05-13,Pre-campaign,Paid Search,593.2,10132,385,362,15,2544.93,3,12
2026-05-13,Pre-campaign,Affiliate,112.29,12333,222,195,6,456.66,0,6
2026-05-13,Pre-campaign,Organic,0.0,4500,225,214,6,484.31,0,6
2026-05-13,Pre-campaign,Direct,0.0,0,0,460,17,2264.95,2,15
2026-05-14,Pre-campaign,Email,109.85,12325,493,454,24,3469.71,1,23
2026-05-14,Pre-campaign,SMS,72.88,950,114,109,9,1167.99,1,8
2026-05-14,Pre-campaign,Paid Social,659.91,77833,934,766,11,1305.81,7,4
2026-05-14,Pre-campaign,Paid Search,552.52,7316,278,261,12,1953.6,7,5
2026-05-14,Pre-campaign,Affiliate,164.86,10111,182,160,5,715.21,3,2
2026-05-14,Pre-campaign,Organic,0.0,8780,439,417,12,1575.56,2,10
2026-05-14,Pre-campaign,Direct,0.0,0,0,616,23,2735.58,2,21
2026-05-15,Pre-campaign,Email,108.23,7600,304,280,16,2068.91,1,15
2026-05-15,Pre-campaign,SMS,81.46,1017,122,117,10,1823.45,2,8
2026-05-15,Pre-campaign,Paid Social,567.36,105833,1270,1041,15,1488.74,11,4
2026-05-15,Pre-campaign,Paid Search,590.1,4079,155,146,7,1013.8,4,3
2026-05-15,Pre-campaign,Affiliate,522.82,28778,518,456,16,2181.91,4,12
2026-05-15,Pre-campaign,Organic,0.0,11260,563,535,16,2256.39,3,13
2026-05-15,Pre-campaign,Direct,0.0,0,0,504,19,2004.99,1,18
2026-05-16,Pre-campaign,Email,113.63,10275,411,378,23,2713.68,0,23
2026-05-16,Pre-campaign,SMS,81.07,550,66,63,5,759.07,0,5
2026-05-16,Pre-campaign,Paid Social,666.77,137917,1655,1357,21,2218.38,16,5
2026-05-16,Pre-campaign,Paid Search,565.28,6658,253,238,12,1697.6,1,11
2026-05-16,Pre-campaign,Affiliate,100.22,6000,108,95,3,418.61,2,1
2026-05-16,Pre-campaign,Organic,0.0,9440,472,448,13,1785.42,3,10
2026-05-16,Pre-campaign,Direct,0.0,0,0,473,19,2524.92,0,19
2026-05-17,Pre-campaign,Email,115.47,8500,340,313,20,2892.31,0,20
2026-05-17,Pre-campaign,SMS,78.02,475,57,55,5,505.88,2,3
2026-05-17,Pre-campaign,Paid Social,554.03,115417,1385,1136,17,1540.22,12,5
2026-05-17,Pre-campaign,Paid Search,507.58,9684,368,346,16,2063.43,5,11
2026-05-17,Pre-campaign,Affiliate,119.98,9833,177,156,5,503.16,4,1
2026-05-17,Pre-campaign,Organic,0.0,11640,582,553,18,2215.32,4,14
2026-05-17,Pre-campaign,Direct,0.0,0,0,396,15,1755.87,2,13
2026-05-18,Pre-campaign,Email,112.14,7525,301,277,18,2527.22,2,16
2026-05-18,Pre-campaign,SMS,78.85,592,71,68,6,566.21,1,5
2026-05-18,Pre-campaign,Paid Social,593.61,74000,888,728,11,1280.03,10,1
2026-05-18,Pre-campaign,Paid Search,611.05,4684,178,167,8,1228.35,3,5
2026-05-18,Pre-campaign,Affiliate,244.94,15222,274,241,8,1052.15,5,3
2026-05-18,Pre-campaign,Organic,0.0,9920,496,471,14,1886.36,3,11
2026-05-18,Pre-campaign,Direct,0.0,0,0,487,19,2674.66,3,16
2026-05-19,Pre-campaign,Email,111.19,9975,399,367,22,2909.93,1,21
2026-05-19,Pre-campaign,SMS,88.59,325,39,37,3,370.23,1,2
2026-05-19,Pre-campaign,Paid Social,603.43,83667,1004,823,11,1440.82,8,3
2026-05-19,Pre-campaign,Paid Search,539.94,7553,287,270,13,1721.59,3,10
2026-05-19,Pre-campaign,Affiliate,167.26,9333,168,148,5,696.77,0,5
2026-05-19,Pre-campaign,Organic,0.0,9320,466,443,12,1339.08,3,9
2026-05-19,Pre-campaign,Direct,0.0,0,0,434,17,2332.84,1,16
2026-05-20,Pre-campaign,Email,114.92,12100,484,445,26,3453.69,4,22
2026-05-20,Pre-campaign,SMS,93.27,750,90,86,8,1170.91,1,7
2026-05-20,Pre-campaign,Paid Social,672.6,63000,756,620,9,1302.59,6,3
2026-05-20,Pre-campaign,Paid Search,600.13,8605,327,307,15,2759.15,6,9
2026-05-20,Pre-campaign,Affiliate,169.46,12389,223,196,6,759.03,1,5
2026-05-20,Pre-campaign,Organic,0.0,11100,555,527,16,2101.96,6,10
2026-05-20,Pre-campaign,Direct,0.0,0,0,416,16,2448.06,0,16
2026-05-21,Pre-campaign,Email,110.33,9000,360,331,22,3534.65,0,22
2026-05-21,Pre-campaign,SMS,79.65,825,99,95,8,888.77,1,7
2026-05-21,Pre-campaign,Paid Social,557.97,107250,1287,1055,14,1497.96,13,1
2026-05-21,Pre-campaign,Paid Search,575.48,8500,323,304,13,2387.35,3,10
2026-05-21,Pre-campaign,Affiliate,237.6,17444,314,276,9,1019.17,3,6
2026-05-21,Pre-campaign,Organic,0.0,6140,307,292,9,868.6,1,8
2026-05-21,Pre-campaign,Direct,0.0,0,0,547,24,3792.44,0,24
2026-05-22,Pre-campaign,Email,109.69,6250,250,230,14,2055.57,1,13
2026-05-22,Pre-campaign,SMS,80.59,508,61,59,5,824.85,0,5
2026-05-22,Pre-campaign,Paid Social,649.13,96417,1157,949,14,1467.48,8,6
2026-05-22,Pre-campaign,Paid Search,588.25,12237,465,437,22,3665.46,10,12
2026-05-22,Pre-campaign,Affiliate,141.17,10667,192,169,5,595.81,2,3
2026-05-22,Pre-campaign,Organic,0.0,11340,567,539,16,2053.55,6,10
2026-05-22,Pre-campaign,Direct,0.0,0,0,500,22,2945.24,1,21
2026-05-23,Pre-campaign,Email,105.29,12500,500,460,28,4254.57,3,25
2026-05-23,Pre-campaign,SMS,77.99,800,96,92,7,969.0,1,6
2026-05-23,Pre-campaign,Paid Social,591.09,34750,417,342,5,558.82,4,1
2026-05-23,Pre-campaign,Paid Search,525.52,13684,520,489,20,3113.44,9,11
2026-05-23,Pre-campaign,Affiliate,173.45,13000,234,206,7,777.89,2,5
2026-05-23,Pre-campaign,Organic,0.0,7420,371,352,10,864.82,1,9
2026-05-23,Pre-campaign,Direct,0.0,0,0,606,25,3018.91,1,24
2026-05-24,Pre-campaign,Email,105.87,10525,421,387,22,3513.01,1,21
2026-05-24,Pre-campaign,SMS,79.98,375,45,43,4,632.28,1,3
2026-05-24,Pre-campaign,Paid Social,656.63,121417,1457,1195,16,1481.3,12,4
2026-05-24,Pre-campaign,Paid Search,518.3,7447,283,266,13,2255.96,5,8
2026-05-24,Pre-campaign,Affiliate,173.78,12833,231,203,6,735.4,1,5
2026-05-24,Pre-campaign,Organic,0.0,6160,308,293,9,1209.95,2,7
2026-05-24,Pre-campaign,Direct,0.0,0,0,448,18,2472.54,0,18
2026-05-25,Pre-campaign,Email,129.6,9350,374,344,20,3204.77,2,18
2026-05-25,Pre-campaign,SMS,82.38,917,110,106,8,1156.92,0,8
2026-05-25,Pre-campaign,Paid Social,617.58,79167,950,779,11,1414.22,8,3
2026-05-25,Pre-campaign,Paid Search,525.86,4105,156,147,7,819.03,2,5
2026-05-25,Pre-campaign,Affiliate,280.24,16667,300,264,8,1262.36,2,6
2026-05-25,Pre-campaign,Organic,0.0,8380,419,398,11,1649.45,4,7
2026-05-25,Pre-campaign,Direct,0.0,0,0,397,17,2178.12,2,15
2026-05-26,Pre-campaign,Email,115.0,4675,187,172,10,1731.07,0,10
2026-05-26,Pre-campaign,SMS,78.84,492,59,57,5,494.89,1,4
2026-05-26,Pre-campaign,Paid Social,600.56,91583,1099,901,14,1420.32,11,3
2026-05-26,Pre-campaign,Paid Search,555.17,7816,297,279,12,2218.47,5,7
2026-05-26,Pre-campaign,Affiliate,261.56,17889,322,283,10,1150.98,2,8
2026-05-26,Pre-campaign,Organic,0.0,6260,313,297,9,1055.77,0,9
2026-05-26,Pre-campaign,Direct,0.0,0,0,466,21,2677.14,0,21
2026-05-27,Pre-campaign,Email,114.9,10175,407,374,20,2965.94,0,20
2026-05-27,Pre-campaign,SMS,85.73,642,77,74,6,1027.03,0,6
2026-05-27,Pre-campaign,Paid Social,600.1,58833,706,579,8,902.67,6,2
2026-05-27,Pre-campaign,Paid Search,518.83,7395,281,264,12,2159.65,3,9
2026-05-27,Pre-campaign,Affiliate,366.96,22778,410,361,12,1509.57,3,9
2026-05-27,Pre-campaign,Organic,0.0,7920,396,376,11,1620.52,1,10
2026-05-27,Pre-campaign,Direct,0.0,0,0,449,21,3194.58,0,21
2026-05-28,Pre-campaign,Email,109.63,9600,384,353,24,3635.95,3,21
2026-05-28,Pre-campaign,SMS,79.84,642,77,74,7,666.54,1,6
2026-05-28,Pre-campaign,Paid Social,605.96,73500,882,723,11,1388.89,9,2
2026-05-28,Pre-campaign,Paid Search,566.74,11526,438,412,19,2330.86,6,13
2026-05-28,Pre-campaign,Affiliate,179.24,14222,256,225,7,726.13,1,6
2026-05-28,Pre-campaign,Organic,0.0,6760,338,321,10,1320.88,0,10
2026-05-28,Pre-campaign,Direct,0.0,0,0,410,17,2451.21,1,16
2026-05-29,Pre-campaign,Email,113.57,10875,435,400,22,3116.24,2,20
2026-05-29,Pre-campaign,SMS,83.07,858,103,99,9,1498.69,1,8
2026-05-29,Pre-campaign,Paid Social,626.67,120333,1444,1184,17,2064.46,12,5
2026-05-29,Pre-campaign,Paid Search,528.26,8500,323,304,15,2213.99,7,8
2026-05-29,Pre-campaign,Affiliate,186.39,14333,258,227,8,741.07,1,7
2026-05-29,Pre-campaign,Organic,0.0,10760,538,511,15,2038.36,1,14
2026-05-29,Pre-campaign,Direct,0.0,0,0,419,19,2755.09,0,19
2026-05-30,Pre-campaign,Email,105.5,9450,378,348,22,3227.98,1,21
2026-05-30,Pre-campaign,SMS,79.57,850,102,98,9,1159.8,1,8
2026-05-30,Pre-campaign,Paid Social,592.71,50833,610,500,7,545.38,6,1
2026-05-30,Pre-campaign,Paid Search,573.42,10816,411,386,17,2657.16,5,12
2026-05-30,Pre-campaign,Affiliate,197.33,14667,264,232,8,832.89,3,5
2026-05-30,Pre-campaign,Organic,0.0,7260,363,345,11,1167.42,2,9
2026-05-30,Pre-campaign,Direct,0.0,0,0,698,27,4153.64,3,24
2026-05-31,Pre-campaign,Email,111.36,11425,457,420,25,4138.81,0,25
2026-05-31,Pre-campaign,SMS,75.26,500,60,58,5,748.54,1,4
2026-05-31,Pre-campaign,Paid Social,649.08,107750,1293,1060,15,1309.94,11,4
2026-05-31,Pre-campaign,Paid Search,580.59,8868,337,317,14,2106.25,5,9
2026-05-31,Pre-campaign,Affiliate,357.26,17056,307,270,9,1505.03,2,7
2026-05-31,Pre-campaign,Organic,0.0,11680,584,555,17,2842.87,4,13
2026-05-31,Pre-campaign,Direct,0.0,0,0,381,16,1722.71,1,15
2026-06-01,Active campaign,Email,176.93,9675,387,356,19,2480.46,0,19
2026-06-01,Active campaign,SMS,127.59,467,56,54,5,544.77,2,3
2026-06-01,Active campaign,Paid Social,2252.8,137417,1649,1352,18,2098.51,16,2
2026-06-01,Active campaign,Paid Search,989.37,10711,407,383,17,2616.72,6,11
2026-06-01,Active campaign,Affiliate,364.34,25833,465,409,12,1562.61,7,5
2026-06-01,Active campaign,Organic,0.0,14800,740,703,20,2842.73,5,15
2026-06-01,Active campaign,Direct,0.0,0,0,556,22,3592.21,5,17
2026-06-02,Active campaign,Email,147.71,12700,508,467,28,4397.36,2,26
2026-06-02,Active campaign,SMS,119.19,392,47,45,4,811.32,1,3
2026-06-02,Active campaign,Paid Social,2296.23,140417,1685,1382,19,1972.51,17,2
2026-06-02,Active campaign,Paid Search,963.98,12395,471,443,20,3416.8,11,9
2026-06-02,Active campaign,Affiliate,83.93,5500,99,87,3,357.8,1,2
2026-06-02,Active campaign,Organic,0.0,11360,568,540,16,2326.7,5,11
2026-06-02,Active campaign,Direct,0.0,0,0,651,27,4034.9,3,24
2026-06-03,Active campaign,Email,160.76,13325,533,490,27,4671.73,3,24
2026-06-03,Active campaign,SMS,133.3,492,59,57,6,962.44,0,6
2026-06-03,Active campaign,Paid Social,2544.24,149583,1795,1472,20,2332.98,16,4
2026-06-03,Active campaign,Paid Search,1010.8,13895,528,496,24,3564.82,12,12
2026-06-03,Active campaign,Affiliate,235.65,8944,161,142,5,873.86,4,1
2026-06-03,Active campaign,Organic,0.0,11820,591,561,17,2781.13,5,12
2026-06-03,Active campaign,Direct,0.0,0,0,444,18,3003.57,2,16
2026-06-04,Active campaign,Email,176.0,8700,348,320,19,3189.53,1,18
2026-06-04,Active campaign,SMS,125.29,967,116,111,9,1141.37,0,9
2026-06-04,Active campaign,Paid Social,2287.57,111250,1335,1095,16,1633.52,12,4
2026-06-04,Active campaign,Paid Search,957.9,11658,443,416,22,4083.64,7,15
2026-06-04,Active campaign,Affiliate,528.66,28444,512,451,14,2051.51,5,9
2026-06-04,Active campaign,Organic,0.0,16620,831,789,24,3455.78,5,19
2026-06-04,Active campaign,Direct,0.0,0,0,472,17,2460.11,2,15
2026-06-05,Active campaign,Email,153.25,11650,466,429,27,4231.94,4,23
2026-06-05,Active campaign,SMS,129.58,1250,150,144,12,1793.02,1,11
2026-06-05,Active campaign,Paid Social,2312.24,140917,1691,1387,20,2428.63,14,6
2026-06-05,Active campaign,Paid Search,1033.41,12000,456,429,21,3199.93,10,11
2026-06-05,Active campaign,Affiliate,188.76,9611,173,152,5,751.25,1,4
2026-06-05,Active campaign,Organic,0.0,12320,616,585,18,2715.86,2,16
2026-06-05,Active campaign,Direct,0.0,0,0,689,27,4677.62,3,24
2026-06-06,Active campaign,Email,178.0,16750,670,616,33,5808.03,2,31
2026-06-06,Active campaign,SMS,124.5,1233,148,142,12,1703.01,2,10
2026-06-06,Active campaign,Paid Social,2550.23,133167,1598,1310,20,2454.65,18,2
2026-06-06,Active campaign,Paid Search,950.52,11263,428,402,20,3573.92,15,5
2026-06-06,Active campaign,Affiliate,258.21,16833,303,267,9,1099.35,3,6
2026-06-06,Active campaign,Organic,0.0,14300,715,679,22,3223.79,6,16
2026-06-06,Active campaign,Direct,0.0,0,0,587,24,3896.58,3,21
2026-06-07,Active campaign,Email,155.79,10750,430,396,25,3459.79,2,23
2026-06-07,Active campaign,SMS,130.3,592,71,68,6,765.71,0,6
2026-06-07,Active campaign,Paid Social,2227.25,146167,1754,1438,19,2257.16,10,9
2026-06-07,Active campaign,Paid Search,945.91,9158,348,327,15,2381.08,4,11
2026-06-07,Active campaign,Affiliate,286.09,16611,299,263,8,1144.41,2,6
2026-06-07,Active campaign,Organic,0.0,11960,598,568,19,2401.17,4,15
2026-06-07,Active campaign,Direct,0.0,0,0,577,24,3733.62,4,20
2026-06-08,Active campaign,Email,159.16,12225,489,450,24,4010.32,0,24
2026-06-08,Active campaign,SMS,124.22,1058,127,122,10,1572.74,1,9
2026-06-08,Active campaign,Paid Social,2355.13,164000,1968,1614,20,2713.05,16,4
2026-06-08,Active campaign,Paid Search,863.35,9947,378,355,17,2415.87,10,7
2026-06-08,Active campaign,Affiliate,238.86,12056,217,191,6,995.19,3,3
2026-06-08,Active campaign,Organic,0.0,7520,376,357,11,1733.02,5,6
2026-06-08,Active campaign,Direct,0.0,0,0,624,26,3847.31,4,22
2026-06-09,Active campaign,Email,168.59,14625,585,538,31,5144.1,4,27
2026-06-09,Active campaign,SMS,114.44,883,106,102,9,1708.17,0,9
2026-06-09,Active campaign,Paid Social,2536.01,108917,1307,1072,15,1704.92,13,2
2026-06-09,Active campaign,Paid Search,1100.13,11368,432,406,19,3087.17,7,12
2026-06-09,Active campaign,Affiliate,115.55,9778,176,155,5,495.91,2,3
2026-06-09,Active campaign,Organic,0.0,11920,596,566,17,2087.75,3,14
2026-06-09,Active campaign,Direct,0.0,0,0,495,19,3068.9,1,18
2026-06-10,Active campaign,Email,169.14,13200,528,486,26,3912.2,2,24
2026-06-10,Active campaign,SMS,123.86,708,85,82,7,1077.75,0,7
2026-06-10,Active campaign,Paid Social,2425.05,126250,1515,1242,17,1847.16,15,2
2026-06-10,Active campaign,Paid Search,1052.73,14737,560,526,25,4218.13,13,12
2026-06-10,Active campaign,Affiliate,174.09,10000,180,158,5,763.67,4,1
2026-06-10,Active campaign,Organic,0.0,6300,315,299,9,1291.7,2,7
2026-06-10,Active campaign,Direct,0.0,0,0,699,28,4451.92,5,23
2026-06-11,Active campaign,Email,157.53,7000,280,258,16,2626.42,2,14
2026-06-11,Active campaign,SMS,106.97,900,108,104,8,933.74,0,8
2026-06-11,Active campaign,Paid Social,2166.36,265250,3183,2610,30,3318.13,27,3
2026-06-11,Active campaign,Paid Search,984.26,12868,489,460,17,2588.89,6,11
2026-06-11,Active campaign,Affiliate,108.17,11667,210,185,6,425.22,2,4
2026-06-11,Active campaign,Organic,0.0,9320,466,443,14,1680.71,3,11
2026-06-11,Active campaign,Direct,0.0,0,0,468,21,3293.76,4,17
2026-06-12,Active campaign,Email,157.01,7175,287,264,16,2952.31,0,16
2026-06-12,Active campaign,SMS,127.75,500,60,58,5,687.21,2,3
2026-06-12,Active campaign,Paid Social,2085.19,168667,2024,1660,20,1924.69,14,6
2026-06-12,Active campaign,Paid Search,873.28,14500,551,518,20,3288.96,13,7
2026-06-12,Active campaign,Affiliate,376.52,18667,336,296,11,1580.24,5,6
2026-06-12,Active campaign,Organic,0.0,11980,599,569,18,2729.72,2,16
2026-06-12,Active campaign,Direct,0.0,0,0,750,28,3605.5,1,27
2026-06-13,Active campaign,Email,178.78,16175,647,595,37,6046.75,5,32
2026-06-13,Active campaign,SMS,126.23,992,119,114,9,1220.8,3,6
2026-06-13,Active campaign,Paid Social,1948.05,120833,1450,1189,13,1368.85,8,5
2026-06-13,Active campaign,Paid Search,964.17,10789,410,385,15,2036.21,9,6
2026-06-13,Active campaign,Affiliate,233.2,15722,283,249,8,1039.79,3,5
2026-06-13,Active campaign,Organic,0.0,12960,648,616,20,2755.18,7,13
2026-06-13,Active campaign,Direct,0.0,0,0,576,22,3790.33,6,16
2026-06-14,Active campaign,Email,158.07,10600,424,390,23,4059.72,1,22
2026-06-14,Active campaign,SMS,129.3,1192,143,137,13,2311.86,2,11
2026-06-14,Active campaign,Paid Social,2051.85,176833,2122,1740,19,2470.33,14,5
2026-06-14,Active campaign,Paid Search,877.36,12763,485,456,18,2213.63,9,9
2026-06-14,Active campaign,Affiliate,254.98,14722,265,233,8,1021.38,3,5
2026-06-14,Active campaign,Organic,0.0,10820,541,514,15,2343.66,6,9
2026-06-14,Active campaign,Direct,0.0,0,0,528,20,3244.0,2,18
2026-06-15,Active campaign,Email,164.9,7850,314,289,20,2900.52,1,19
2026-06-15,Active campaign,SMS,113.73,583,70,67,6,998.15,1,5
2026-06-15,Active campaign,Paid Social,1873.68,132917,1595,1308,16,1637.93,10,6
2026-06-15,Active campaign,Paid Search,834.61,10368,394,370,13,2158.96,4,9
2026-06-15,Active campaign,Affiliate,116.64,9611,173,152,5,488.79,0,5
2026-06-15,Active campaign,Organic,0.0,13480,674,640,19,2590.84,7,12
2026-06-15,Active campaign,Direct,0.0,0,0,674,24,4328.61,4,20
2026-06-16,Active campaign,Email,156.22,11875,475,437,27,4518.06,3,24
2026-06-16,Active campaign,SMS,127.08,683,82,79,6,955.43,1,5
2026-06-16,Active campaign,Paid Social,1842.79,88417,1061,870,10,1030.67,7,3
2026-06-16,Active campaign,Paid Search,797.01,13974,531,499,17,2569.95,8,9
2026-06-16,Active campaign,Affiliate,323.82,23167,417,367,12,1433.74,3,9
2026-06-16,Active campaign,Organic,0.0,7440,372,353,11,1431.5,1,10
2026-06-16,Active campaign,Direct,0.0,0,0,687,26,3909.14,0,26
2026-06-17,Active campaign,Email,166.18,12750,510,469,33,5023.73,1,32
2026-06-17,Active campaign,SMS,134.2,742,89,85,7,1248.17,0,7
2026-06-17,Active campaign,Paid Social,2348.96,184750,2217,1818,21,2646.41,14,7
2026-06-17,Active campaign,Paid Search,897.13,14053,534,502,17,2963.41,9,8
2026-06-17,Active campaign,Affiliate,250.9,9333,168,148,5,981.55,2,3
2026-06-17,Active campaign,Organic,0.0,8160,408,388,11,1324.91,3,8
2026-06-17,Active campaign,Direct,0.0,0,0,577,23,3238.9,2,21
2026-06-18,Active campaign,Email,165.61,12700,508,467,26,3667.09,1,25
2026-06-18,Active campaign,SMS,117.93,533,64,61,6,761.99,2,4
2026-06-18,Active campaign,Paid Social,2206.32,237000,2844,2332,26,2846.51,23,3
2026-06-18,Active campaign,Paid Search,918.19,9132,347,326,13,1787.33,5,8
2026-06-18,Active campaign,Affiliate,432.67,23556,424,373,12,1866.64,4,8
2026-06-18,Active campaign,Organic,0.0,8300,415,394,11,1043.09,3,8
2026-06-18,Active campaign,Direct,0.0,0,0,305,12,1888.29,1,11
2026-06-19,Active campaign,Email,147.76,14475,579,533,33,5290.73,3,30
2026-06-19,Active campaign,SMS,125.15,742,89,85,7,1144.21,1,6
2026-06-19,Active campaign,Paid Social,2392.69,158917,1907,1564,18,1897.74,12,6
2026-06-19,Active campaign,Paid Search,942.3,14737,560,526,19,3189.1,11,8
2026-06-19,Active campaign,Affiliate,179.26,14444,260,229,7,756.54,3,4
2026-06-19,Active campaign,Organic,0.0,8420,421,400,11,1434.56,2,9
2026-06-19,Active campaign,Direct,0.0,0,0,681,30,4222.49,6,24
2026-06-20,Active campaign,Email,157.8,15550,622,572,32,5553.72,2,30
2026-06-20,Active campaign,SMS,129.07,1083,130,125,11,1675.59,1,10
2026-06-20,Active campaign,Paid Social,2266.56,206500,2478,2032,29,3663.12,21,8
2026-06-20,Active campaign,Paid Search,892.86,12237,465,437,16,2653.08,6,10
2026-06-20,Active campaign,Affiliate,240.7,11222,202,178,7,1081.16,4,3
2026-06-20,Active campaign,Organic,0.0,8900,445,423,12,1262.7,3,9
2026-06-20,Active campaign,Direct,0.0,0,0,322,13,2271.7,1,12
2026-06-21,Post-campaign,Email,127.66,9200,368,339,20,3295.59,0,20
2026-06-21,Post-campaign,SMS,84.01,625,75,72,6,510.28,3,3
2026-06-21,Post-campaign,Paid Social,897.11,99250,1191,977,14,1849.69,11,3
2026-06-21,Post-campaign,Paid Search,628.77,10211,388,365,15,2202.66,6,9
2026-06-21,Post-campaign,Affiliate,410.25,20333,366,322,10,1798.19,1,9
2026-06-21,Post-campaign,Organic,0.0,11300,565,537,15,2256.66,4,11
2026-06-21,Post-campaign,Direct,0.0,0,0,741,29,5099.25,3,26
2026-06-22,Post-campaign,Email,120.79,9875,395,363,23,2867.06,2,21
2026-06-22,Post-campaign,SMS,96.52,883,106,102,9,1504.12,1,8
2026-06-22,Post-campaign,Paid Social,866.9,58750,705,578,9,1113.97,4,5
2026-06-22,Post-campaign,Paid Search,681.89,6632,252,237,11,1605.31,5,6
2026-06-22,Post-campaign,Affiliate,201.01,12667,228,201,7,811.12,2,5
2026-06-22,Post-campaign,Organic,0.0,11960,598,568,17,2277.55,5,12
2026-06-22,Post-campaign,Direct,0.0,0,0,466,18,2399.59,1,17
2026-06-23,Post-campaign,Email,116.87,9725,389,358,22,3440.33,0,22
2026-06-23,Post-campaign,SMS,89.34,383,46,44,4,737.23,0,4
2026-06-23,Post-campaign,Paid Social,909.35,115250,1383,1134,15,1778.71,12,3
2026-06-23,Post-campaign,Paid Search,642.15,6605,251,236,11,1507.61,6,5
2026-06-23,Post-campaign,Affiliate,234.2,13000,234,206,7,1039.08,4,3
2026-06-23,Post-campaign,Organic,0.0,8060,403,383,11,1962.18,1,10
2026-06-23,Post-campaign,Direct,0.0,0,0,524,20,3030.49,4,16
2026-06-24,Post-campaign,Email,121.33,10225,409,376,23,3540.44,3,20
2026-06-24,Post-campaign,SMS,92.14,617,74,71,7,1040.95,3,4
2026-06-24,Post-campaign,Paid Social,879.54,148167,1778,1458,21,1921.26,19,2
2026-06-24,Post-campaign,Paid Search,606.62,11947,454,427,19,3636.11,2,17
2026-06-24,Post-campaign,Affiliate,206.07,11778,212,187,6,925.5,1,5
2026-06-24,Post-campaign,Organic,0.0,12300,615,584,16,1665.21,3,13
2026-06-24,Post-campaign,Direct,0.0,0,0,468,20,3204.67,2,18
2026-06-25,Post-campaign,Email,133.31,14725,589,542,29,4115.54,4,25
2026-06-25,Post-campaign,SMS,83.45,400,48,46,4,548.92,1,3
2026-06-25,Post-campaign,Paid Social,819.28,84833,1018,835,12,1486.89,7,5
2026-06-25,Post-campaign,Paid Search,632.09,5289,201,189,8,1142.68,4,4
2026-06-25,Post-campaign,Affiliate,200.58,8944,161,142,5,849.85,3,2
2026-06-25,Post-campaign,Organic,0.0,12660,633,601,19,2306.81,5,14
2026-06-25,Post-campaign,Direct,0.0,0,0,497,20,2782.43,1,19
2026-06-26,Post-campaign,Email,121.1,10575,423,389,24,3934.86,1,23
2026-06-26,Post-campaign,SMS,96.97,383,46,44,4,504.97,0,4
2026-06-26,Post-campaign,Paid Social,860.44,133917,1607,1318,19,1933.26,13,6
2026-06-26,Post-campaign,Paid Search,643.86,5289,201,189,9,1655.32,2,7
2026-06-26,Post-campaign,Affiliate,199.68,12833,231,203,6,819.8,1,5
2026-06-26,Post-campaign,Organic,0.0,14900,745,708,21,3184.05,5,16
2026-06-26,Post-campaign,Direct,0.0,0,0,412,18,2421.59,1,17
2026-06-27,Post-campaign,Email,117.92,14475,579,533,32,4339.65,1,31
2026-06-27,Post-campaign,SMS,96.89,925,111,107,9,1112.73,0,9
2026-06-27,Post-campaign,Paid Social,922.2,73250,879,721,10,1125.92,5,5
2026-06-27,Post-campaign,Paid Search,627.98,8737,332,312,15,1794.59,10,5
2026-06-27,Post-campaign,Affiliate,173.64,8167,147,129,4,750.73,1,3
2026-06-27,Post-campaign,Organic,0.0,13440,672,638,19,2761.48,3,16
2026-06-27,Post-campaign,Direct,0.0,0,0,615,24,3759.3,4,20
2026-06-28,Post-campaign,Email,129.19,11225,449,413,25,3166.4,0,25
2026-06-28,Post-campaign,SMS,93.1,808,97,93,9,817.98,0,9
2026-06-28,Post-campaign,Paid Social,957.64,87000,1044,856,12,1289.3,11,1
2026-06-28,Post-campaign,Paid Search,635.2,9789,372,350,16,2797.39,5,11
2026-06-28,Post-campaign,Affiliate,213.8,12611,227,200,7,927.18,2,5
2026-06-28,Post-campaign,Organic,0.0,8700,435,413,12,1673.18,4,8
2026-06-28,Post-campaign,Direct,0.0,0,0,613,25,2907.89,2,23
2026-06-29,Post-campaign,Email,122.73,11375,455,419,27,3737.86,5,22
2026-06-29,Post-campaign,SMS,86.2,833,100,96,8,1517.51,1,7
2026-06-29,Post-campaign,Paid Social,885.58,92167,1106,907,14,1420.19,7,7
2026-06-29,Post-campaign,Paid Search,653.53,9105,346,325,16,3190.84,4,12
2026-06-29,Post-campaign,Affiliate,188.9,12444,224,197,6,739.06,2,4
2026-06-29,Post-campaign,Organic,0.0,10560,528,502,16,1809.14,3,13
2026-06-29,Post-campaign,Direct,0.0,0,0,288,11,1301.59,1,10
2026-06-30,Post-campaign,Email,116.33,10800,432,397,25,3763.39,1,24
2026-06-30,Post-campaign,SMS,96.4,517,62,60,5,719.95,1,4
2026-06-30,Post-campaign,Paid Social,852.36,140000,1680,1378,18,2175.88,12,6
2026-06-30,Post-campaign,Paid Search,636.46,10342,393,369,16,2755.21,11,5
2026-06-30,Post-campaign,Affiliate,374.35,19944,359,316,11,1480.47,6,5
2026-06-30,Post-campaign,Organic,0.0,7360,368,350,10,1642.28,2,8
2026-06-30,Post-campaign,Direct,0.0,0,0,344,13,1789.66,1,12
2026-07-01,Post-campaign,Email,124.89,11450,458,421,25,3750.86,3,22
2026-07-01,Post-campaign,SMS,92.31,600,72,69,6,898.27,1,5
2026-07-01,Post-campaign,Paid Social,924.93,89833,1078,884,13,1343.81,11,2
2026-07-01,Post-campaign,Paid Search,661.59,9711,369,347,15,2042.62,2,13
2026-07-01,Post-campaign,Affiliate,204.21,10778,194,171,6,910.44,1,5
2026-07-01,Post-campaign,Organic,0.0,4680,234,222,7,835.19,1,6
2026-07-01,Post-campaign,Direct,0.0,0,0,534,22,3884.62,5,17
2026-07-02,Post-campaign,Email,120.41,12725,509,468,29,3760.92,1,28
2026-07-02,Post-campaign,SMS,91.85,542,65,62,5,865.61,2,3
2026-07-02,Post-campaign,Paid Social,891.08,70417,845,693,10,667.56,5,5
2026-07-02,Post-campaign,Paid Search,623.29,7974,303,285,12,1912.34,3,9
2026-07-02,Post-campaign,Affiliate,182.6,10444,188,165,6,731.57,1,5
2026-07-02,Post-campaign,Organic,0.0,9480,474,450,14,2067.49,3,11
2026-07-02,Post-campaign,Direct,0.0,0,0,722,31,4620.18,1,30
2026-07-03,Post-campaign,Email,114.74,9475,379,349,21,3468.57,3,18
2026-07-03,Post-campaign,SMS,90.59,625,75,72,6,801.54,0,6
2026-07-03,Post-campaign,Paid Social,876.7,123083,1477,1211,16,1622.2,12,4
2026-07-03,Post-campaign,Paid Search,643.0,5895,224,211,11,1779.9,6,5
2026-07-03,Post-campaign,Affiliate,230.76,14167,255,224,8,1028.13,2,6
2026-07-03,Post-campaign,Organic,0.0,9340,467,444,14,1626.81,0,14
2026-07-03,Post-campaign,Direct,0.0,0,0,803,32,4878.24,2,30
2026-07-04,Post-campaign,Email,126.83,9550,382,351,24,3462.47,1,23
2026-07-04,Post-campaign,SMS,86.42,325,39,37,3,478.84,0,3
2026-07-04,Post-campaign,Paid Social,928.18,125583,1507,1236,16,1407.61,12,4
2026-07-04,Post-campaign,Paid Search,653.41,10026,381,358,15,1936.65,5,10
2026-07-04,Post-campaign,Affiliate,219.99,11167,201,177,6,907.52,3,3
2026-07-04,Post-campaign,Organic,0.0,9280,464,441,13,1845.71,0,13
2026-07-04,Post-campaign,Direct,0.0,0,0,724,28,4405.56,1,27
2026-07-05,Post-campaign,Email,116.17,13975,559,514,28,4426.96,3,25
2026-07-05,Post-campaign,SMS,87.97,583,70,67,5,968.19,1,4
2026-07-05,Post-campaign,Paid Social,845.05,120750,1449,1188,17,1677.11,13,4
2026-07-05,Post-campaign,Paid Search,649.76,9316,354,333,16,2260.02,6,10
2026-07-05,Post-campaign,Affiliate,238.29,12111,218,192,7,983.3,2,5
2026-07-05,Post-campaign,Organic,0.0,11920,596,566,15,2204.47,4,11
2026-07-05,Post-campaign,Direct,0.0,0,0,456,18,2966.57,0,18
2026-07-06,Post-campaign,Email,132.5,9075,363,334,21,3000.38,1,20
2026-07-06,Post-campaign,SMS,93.42,500,60,58,5,508.03,0,5
2026-07-06,Post-campaign,Paid Social,801.28,97667,1172,961,15,1656.28,11,4
2026-07-06,Post-campaign,Paid Search,667.5,10842,412,387,18,3362.73,3,15
2026-07-06,Post-campaign,Affiliate,255.89,12056,217,191,6,984.29,1,5
2026-07-06,Post-campaign,Organic,0.0,8640,432,410,12,1520.42,3,9
2026-07-06,Post-campaign,Direct,0.0,0,0,468,19,2436.56,2,17
2026-07-07,Post-campaign,Email,114.87,10350,414,381,23,3835.58,3,20
2026-07-07,Post-campaign,SMS,92.88,892,107,103,8,1033.9,2,6
2026-07-07,Post-campaign,Paid Social,970.0,103583,1243,1019,15,1553.09,13,2
2026-07-07,Post-campaign,Paid Search,637.91,10474,398,374,18,2747.0,5,13
2026-07-07,Post-campaign,Affiliate,304.63,13944,251,221,7,1321.98,2,5
2026-07-07,Post-campaign,Organic,0.0,8340,417,396,12,1455.78,2,10
2026-07-07,Post-campaign,Direct,0.0,0,0,535,20,2650.05,4,16
2026-07-08,Post-campaign,Email,130.61,8625,345,317,22,3502.18,1,21
2026-07-08,Post-campaign,SMS,94.87,1075,129,124,11,1428.57,0,11
2026-07-08,Post-campaign,Paid Social,951.54,163750,1965,1611,21,2527.15,14,7
2026-07-08,Post-campaign,Paid Search,597.06,7763,295,277,12,2037.11,2,10
2026-07-08,Post-campaign,Affiliate,200.83,14056,253,223,7,802.84,4,3
2026-07-08,Post-campaign,Organic,0.0,7520,376,357,11,1595.1,3,8
2026-07-08,Post-campaign,Direct,0.0,0,0,598,24,3217.22,3,21
2026-07-09,Post-campaign,Email,118.03,11650,466,429,24,3562.11,0,24
2026-07-09,Post-campaign,SMS,83.54,517,62,60,5,834.56,1,4
2026-07-09,Post-campaign,Paid Social,880.73,151417,1817,1490,21,2200.76,15,6
2026-07-09,Post-campaign,Paid Search,581.88,9026,343,322,16,2831.65,10,6
2026-07-09,Post-campaign,Affiliate,286.28,15278,275,242,8,1265.88,4,4
2026-07-09,Post-campaign,Organic,0.0,6420,321,305,9,1302.6,3,6
2026-07-09,Post-campaign,Direct,0.0,0,0,414,16,2452.53,3,13
2026-07-10,Post-campaign,Email,109.92,13575,543,500,28,4204.74,2,26
2026-07-10,Post-campaign,SMS,95.55,692,83,80,7,1308.69,1,6
2026-07-10,Post-campaign,Paid Social,921.11,87583,1051,862,12,1263.29,9,3
2026-07-10,Post-campaign,Paid Search,644.08,9474,360,338,17,2581.89,5,12
2026-07-10,Post-campaign,Affiliate,166.68,7333,132,116,4,709.15,0,4
2026-07-10,Post-campaign,Organic,0.0,14100,705,670,18,2527.55,4,14
2026-07-10,Post-campaign,Direct,0.0,0,0,589,23,3953.86,1,22
2026-07-11,Post-campaign,Email,104.52,10725,429,395,26,4243.11,2,24
2026-07-11,Post-campaign,SMS,80.29,867,104,100,8,532.86,1,7
2026-07-11,Post-campaign,Paid Social,913.55,69417,833,683,10,1269.65,5,5
2026-07-11,Post-campaign,Paid Search,641.29,15895,604,568,24,3905.66,10,14
2026-07-11,Post-campaign,Affiliate,311.14,23222,418,368,12,1303.54,4,8
2026-07-11,Post-campaign,Organic,0.0,9960,498,473,14,2178.11,4,10
2026-07-11,Post-campaign,Direct,0.0,0,0,493,21,3182.64,6,15
2026-07-12,Post-campaign,Email,114.29,9000,360,331,19,2210.28,1,18
2026-07-12,Post-campaign,SMS,92.87,425,51,49,4,513.98,1,3
2026-07-12,Post-campaign,Paid Social,879.69,71167,854,700,10,1076.06,7,3
2026-07-12,Post-campaign,Paid Search,642.05,9737,370,348,17,2951.25,8,9
2026-07-12,Post-campaign,Affiliate,206.27,17722,319,281,9,898.26,5,4
2026-07-12,Post-campaign,Organic,0.0,10180,509,484,14,2160.78,4,10
2026-07-12,Post-campaign,Direct,0.0,0,0,565,22,2901.76,4,18
2026-07-13,Post-campaign,Email,127.35,10225,409,376,22,3496.52,3,19
2026-07-13,Post-campaign,SMS,91.48,667,80,77,7,1153.01,1,6
2026-07-13,Post-campaign,Paid Social,900.26,112667,1352,1109,15,1890.5,11,4
2026-07-13,Post-campaign,Paid Search,635.28,9263,352,331,16,2479.31,8,8
2026-07-13,Post-campaign,Affiliate,213.61,9111,164,144,5,863.44,0,5
2026-07-13,Post-campaign,Organic,0.0,7200,360,342,11,1267.41,2,9
2026-07-13,Post-campaign,Direct,0.0,0,0,534,21,3389.27,2,19
2026-07-14,Post-campaign,Email,128.19,15525,621,571,35,5094.79,2,33
2026-07-14,Post-campaign,SMS,85.41,200,24,23,2,254.36,0,2
2026-07-14,Post-campaign,Paid Social,878.09,148000,1776,1456,19,2112.32,14,5
2026-07-14,Post-campaign,Paid Search,683.67,8316,316,297,14,1918.63,3,11
2026-07-14,Post-campaign,Affiliate,272.19,15222,274,241,8,1151.95,2,6
2026-07-14,Post-campaign,Organic,0.0,7220,361,343,10,950.41,3,7
2026-07-14,Post-campaign,Direct,0.0,0,0,415,16,1897.09,0,16
2026-07-15,Post-campaign,Email,122.55,9725,389,358,21,2922.64,1,20
2026-07-15,Post-campaign,SMS,88.63,783,94,90,7,925.26,1,6
2026-07-15,Post-campaign,Paid Social,879.26,60250,723,593,8,985.39,7,1
2026-07-15,Post-campaign,Paid Search,666.39,9816,373,351,16,1704.6,7,9
2026-07-15,Post-campaign,Affiliate,183.33,18111,326,287,8,813.74,4,4
2026-07-15,Post-campaign,Organic,0.0,11560,578,549,16,2509.08,1,15
2026-07-15,Post-campaign,Direct,0.0,0,0,408,16,1637.31,2,14
2026-07-16,Post-campaign,Email,114.23,8750,350,322,21,3019.31,0,21
2026-07-16,Post-campaign,SMS,95.53,442,53,51,4,388.77,0,4
2026-07-16,Post-campaign,Paid Social,899.45,93417,1121,919,12,1366.27,9,3
2026-07-16,Post-campaign,Paid Search,576.19,7553,287,270,14,2619.77,5,9
2026-07-16,Post-campaign,Affiliate,132.51,8000,144,127,4,526.18,2,2
2026-07-16,Post-campaign,Organic,0.0,11900,595,565,18,2171.73,4,14
2026-07-16,Post-campaign,Direct,0.0,0,0,524,21,2715.9,1,20
2026-07-17,Post-campaign,Email,109.31,12500,500,460,26,4038.94,1,25
2026-07-17,Post-campaign,SMS,89.72,692,83,80,6,657.83,0,6
2026-07-17,Post-campaign,Paid Social,974.13,110333,1324,1086,15,1829.78,11,4
2026-07-17,Post-campaign,Paid Search,602.17,13789,524,493,21,3260.5,6,15
2026-07-17,Post-campaign,Affiliate,246.98,13222,238,209,8,1048.08,3,5
2026-07-17,Post-campaign,Organic,0.0,7200,360,342,10,1356.68,2,8
2026-07-17,Post-campaign,Direct,0.0,0,0,504,19,2194.7,3,16
2026-07-18,Post-campaign,Email,113.38,8875,355,327,19,2690.82,1,18
2026-07-18,Post-campaign,SMS,92.62,600,72,69,6,690.64,2,4
2026-07-18,Post-campaign,Paid Social,841.89,109083,1309,1073,15,1916.62,9,6
2026-07-18,Post-campaign,Paid Search,677.12,9211,350,329,16,2423.97,8,8
2026-07-18,Post-campaign,Affiliate,197.58,13333,240,211,7,866.34,4,3
2026-07-18,Post-campaign,Organic,0.0,12140,607,577,19,2341.38,5,14
2026-07-18,Post-campaign,Direct,0.0,0,0,474,19,2789.67,0,19
2026-07-19,Post-campaign,Email,123.07,12550,502,462,28,4253.82,4,24
2026-07-19,Post-campaign,SMS,90.43,733,88,84,7,1123.95,0,7
2026-07-19,Post-campaign,Paid Social,863.61,98917,1187,973,14,1567.96,11,3
2026-07-19,Post-campaign,Paid Search,642.84,10553,401,377,17,2615.79,5,12
2026-07-19,Post-campaign,Affiliate,242.69,16222,292,257,9,948.15,3,6
2026-07-19,Post-campaign,Organic,0.0,11160,558,530,17,2141.46,3,14
2026-07-19,Post-campaign,Direct,0.0,0,0,259,10,1511.78,0,10
2026-07-20,Post-campaign,Email,122.46,11600,464,427,24,3688.16,4,20
2026-07-20,Post-campaign,SMS,94.12,650,78,75,6,927.85,0,6
2026-07-20,Post-campaign,Paid Social,895.68,119833,1438,1179,14,1328.83,12,2
2026-07-20,Post-campaign,Paid Search,658.12,7553,287,270,12,1375.74,2,10
2026-07-20,Post-campaign,Affiliate,77.66,6000,108,95,3,340.63,1,2
2026-07-20,Post-campaign,Organic,0.0,12080,604,574,15,1924.05,4,11
2026-07-20,Post-campaign,Direct,0.0,0,0,465,18,2318.13,3,15
